7.310678104144491263e-02,4.841414031817570240e-02,2.339552053177356220e-02,1.263919099181442726e-02,2.685176570315797942e-02,2.652328926793349334e-02,1.525612063229274916e-02,1.695034830096775816e-02,9.717498327257351187e-03,6.394935173227795852e-03,4.568538234686217100e-03,7.114454405896405986e-03,1.876950232423768008e-03,1.994650236380537695e-03,1.994650236380537262e-03,1.876950232423771261e-03,2.685176570315798636e-02,2.652328926793349334e-02,1.525612063229273008e-02,1.695034830096775816e-02,2.104071542508015313e-02,2.011784756901731017e-02,1.374400280147918853e-02,5.567904472052141555e-03,2.099101583763849851e-02,2.747382072718723440e-03,2.747382072718723440e-03,2.099101583763849158e-02,7.114454405896397313e-03,4.568538234686211896e-03,6.394935173227790648e-03,9.717498327257351187e-03,9.717498327257356391e-03,6.394935173227790648e-03,4.568538234686219703e-03,7.114454405896399047e-03,2.099101583763849158e-02,2.747382072718723440e-03,2.747382072718722139e-03,2.099101583763849851e-02,5.567904472052157168e-03,1.374400280147919200e-02,2.011784756901733445e-02,2.104071542508015313e-02,1.695034830096775122e-02,1.525612063229273528e-02,2.652328926793346558e-02,2.685176570315798636e-02,1.876950232423768876e-03,1.994650236380537695e-03,1.994650236380540731e-03,1.876950232423771261e-03,7.114454405896406854e-03,4.568538234686217100e-03,6.394935173227791515e-03,9.717498327257356391e-03,1.695034830096775122e-02,1.525612063229273008e-02,2.652328926793346558e-02,2.685176570315798636e-02,1.263919099181442726e-02,2.339552053177357260e-02,4.841414031817573710e-02,7.310678104144489875e-02
4.292075478134693006e-02,3.504262178646890685e-02,1.025566676721517689e-03,1.321089241156159569e-02,7.473104120209545821e-03,1.811265272981251589e-02,1.282033969804316194e-03,1.657681365272134499e-02,3.638911671284226351e-02,1.847158287366267027e-02,1.277992849907349723e-02,1.881741334746322644e-02,3.650390899945416684e-03,3.114101782732724144e-02,3.114101782732724144e-02,3.650390899945420153e-03,7.473104120209551025e-03,1.811265272981250896e-02,1.282033969804316628e-03,1.657681365272133112e-02,1.831017052629075118e-02,6.931352819690588841e-03,8.923032733300707495e-03,6.767256627631062713e-03,1.393924791205768815e-02,4.800873273574320955e-03,4.800873273574320955e-03,1.393924791205768295e-02,1.881741334746320909e-02,1.277992849907349550e-02,1.847158287366265639e-02,3.638911671284225657e-02,3.638911671284226351e-02,1.847158287366268761e-02,1.277992849907350070e-02,1.881741334746322644e-02,1.393924791205768295e-02,4.800873273574317486e-03,4.800873273574319221e-03,1.393924791205768295e-02,6.767256627631057508e-03,8.923032733300717903e-03,6.931352819690593178e-03,1.831017052629077546e-02,1.657681365272133112e-02,1.282033969804314026e-03,1.811265272981250202e-02,7.473104120209560566e-03,3.650390899945411046e-03,3.114101782732722409e-02,3.114101782732725532e-02,3.650390899945420153e-03,1.881741334746320909e-02,1.277992849907349029e-02,1.847158287366266333e-02,3.638911671284225657e-02,1.657681365272134152e-02,1.282033969804313592e-03,1.811265272981250896e-02,7.473104120209555362e-03,1.321089241156160610e-02,1.025566676721516822e-03,3.504262178646893461e-02,4.292075478134689537e-02
3.753888964337143835e-02,4.057539156402222708e-02,1.666017591938098730e-02,4.373116136231585543e-02,9.309138447170786299e-03,2.720035810025414353e-03,4.592179915673259599e-04,2.226712912429693915e-03,4.493353861187034809e-02,3.032816775768125070e-02,1.644399259184651726e-02,2.119672265792927474e-02,1.016694428619584027e-02,2.187520507360356595e-02,2.187520507360356595e-02,1.016694428619584721e-02,9.309138447170789768e-03,2.720035810025414353e-03,4.592179915673262852e-04,2.226712912429692614e-03,2.534402115262683348e-03,5.686259845581397368e-03,1.365813115056693609e-02,3.485533013012309406e-03,1.078636164961038757e-03,7.326715387962065389e-03,7.326715387962068858e-03,1.078636164961042660e-03,2.119672265792924351e-02,1.644399259184651033e-02,3.032816775768121254e-02,4.493353861187031340e-02,4.493353861187034809e-02,3.032816775768126111e-02,1.644399259184651033e-02,2.119672265792927474e-02,1.078636164961039841e-03,7.326715387962069725e-03,7.326715387962068858e-03,1.078636164961042443e-03,3.485533013012315478e-03,1.365813115056694303e-02,5.686259845581402572e-03,2.534402115262686384e-03,2.226712912429699119e-03,4.592179915673248215e-04,2.720035810025416521e-03,9.309138447170798442e-03,1.016694428619584027e-02,2.187520507360355901e-02,2.187520507360355901e-02,1.016694428619584374e-02,2.119672265792923310e-02,1.644399259184649645e-02,3.032816775768122294e-02,4.493353861187030646e-02,2.226712912429698252e-03,4.592179915673249842e-04,2.720035810025414353e-03,9.309138447170798442e-03,4.373116136231584156e-02,1.666017591938098036e-02,4.057539156402224789e-02,3.753888964337143835e-02
6.858900484237419326e-02,1.971606383152941719e-02,3.570817088211793167e-02,1.933507762805081187e-02,5.023057295287647458e-04,1.578986708545110059e-03,1.044616167324841777e-02,1.197804452143742121e-02,2.221702017325002942e-02,1.535280626341101358e-02,1.687301205627333642e-02,4.076629307293394566e-02,9.285665275060131160e-03,2.841219395037822282e-02,2.841219395037821588e-02,9.285665275060138099e-03,5.023057295287644206e-04,1.578986708545109408e-03,1.044616167324842644e-02,1.197804452143741601e-02,4.872054702049871157e-03,1.058447641537573793e-02,1.216980640873293641e-02,2.742359784902324328e-03,1.732988271731417292e-03,3.996015056635570696e-03,3.996015056635573298e-03,1.732988271731414039e-03,4.076629307293389015e-02,1.687301205627331907e-02,1.535280626341100144e-02,2.221702017325003636e-02,2.221702017325002596e-02,1.535280626341101705e-02,1.687301205627332601e-02,4.076629307293393178e-02,1.732988271731417292e-03,3.996015056635572431e-03,3.996015056635577635e-03,1.732988271731412521e-03,2.742359784902322160e-03,1.216980640873294509e-02,1.058447641537575180e-02,4.872054702049871157e-03,1.197804452143741601e-02,1.044616167324842644e-02,1.578986708545115263e-03,5.023057295287638785e-04,9.285665275060131160e-03,2.841219395037821588e-02,2.841219395037821588e-02,9.285665275060134630e-03,4.076629307293393178e-02,1.687301205627331560e-02,1.535280626341099623e-02,2.221702017325003636e-02,1.197804452143741601e-02,1.044616167324842644e-02,1.578986708545115263e-03,5.023057295287635532e-04,1.933507762805081881e-02,3.570817088211792473e-02,1.971606383152941719e-02,6.858900484237423489e-02
4.931771368125627275e-02,3.000073937184424486e-02,3.456499830915529120e-02,7.421418990668772649e-03,2.556871085136897589e-03,3.952725379818461220e-03,3.756617439561208034e-03,1.219948088045495066e-02,2.250151626290269533e-02,7.167927386717331054e-03,3.393344463811500539e-02,5.763061247242942664e-02,2.351435707084880040e-03,2.876058863877195559e-02,2.876058863877196600e-02,2.351435707084875270e-03,2.556871085136898890e-03,3.952725379818461220e-03,3.756617439561208034e-03,1.219948088045493852e-02,9.496618063413541852e-03,6.600456491561752445e-03,6.197499628134585554e-03,3.703386913331301782e-04,2.335126155125030745e-03,8.687623401983545412e-04,8.687623401983529149e-04,2.335126155125023806e-03,5.763061247242939195e-02,3.393344463811500539e-02,7.167927386717320645e-03,2.250151626290267104e-02,2.250151626290268839e-02,7.167927386717331054e-03,3.393344463811503314e-02,5.763061247242941276e-02,2.335126155125030745e-03,8.687623401983548665e-04,8.687623401983523728e-04,2.335126155125023806e-03,3.703386913331283350e-04,6.197499628134593361e-03,6.600456491561763721e-03,9.496618063413550526e-03,1.219948088045495413e-02,3.756617439561210636e-03,3.952725379818462087e-03,2.556871085136904961e-03,2.351435707084878306e-03,2.876058863877196600e-02,2.876058863877195559e-02,2.351435707084879607e-03,5.763061247242939195e-02,3.393344463811500539e-02,7.167927386717320645e-03,2.250151626290267104e-02,1.219948088045496280e-02,3.756617439561210203e-03,3.952725379818462954e-03,2.556871085136901492e-03,7.421418990668763108e-03,3.456499830915530508e-02,3.000073937184422057e-02,4.931771368125627275e-02
3.940717398332097693e-02,1.539513739217097769e-02,4.702765803504692366e-02,3.338746846329542634e-02,3.786436236203509238e-03,2.409945117595737978e-03,1.250266849819338258e-03,1.060698311278444710e-02,1.592275727713715963e-02,4.825370763016419845e-03,3.776487595576579620e-02,5.428835104772802844e-02,1.059596205939307249e-02,2.410698223845988281e-02,2.410698223845987240e-02,1.059596205939306209e-02,3.786436236203505334e-03,2.409945117595737978e-03,1.250266849819338692e-03,1.060698311278443322e-02,2.387368828915374663e-03,1.899459983347050965e-03,8.882131739209849289e-03,7.117972530865606219e-04,1.248462664489625529e-03,8.644508838410471657e-03,8.644508838410464718e-03,1.248462664489625095e-03,5.428835104772799375e-02,3.776487595576575457e-02,4.825370763016414641e-03,1.592275727713715269e-02,1.592275727713715963e-02,4.825370763016422447e-03,3.776487595576576844e-02,5.428835104772800763e-02,1.248462664489626830e-03,8.644508838410464718e-03,8.644508838410471657e-03,1.248462664489624662e-03,7.117972530865611640e-04,8.882131739209857962e-03,1.899459983347052267e-03,2.387368828915381602e-03,1.060698311278446271e-02,1.250266849819341511e-03,2.409945117595741013e-03,3.786436236203513574e-03,1.059596205939306902e-02,2.410698223845987240e-02,2.410698223845987240e-02,1.059596205939306902e-02,5.428835104772795905e-02,3.776487595576576844e-02,4.825370763016415508e-03,1.592275727713715269e-02,1.060698311278446271e-02,1.250266849819342812e-03,2.409945117595739712e-03,3.786436236203510972e-03,3.338746846329541940e-02,4.702765803504686121e-02,1.539513739217099504e-02,3.940717398332099081e-02
3.440410595407052130e-02,8.419266629950253322e-03,5.404455341965953841e-02,5.416967990302355707e-02,1.990951722811007147e-03,2.012532596636131595e-03,2.300600215188935982e-03,3.695467021540433522e-03,1.011102618930622039e-02,4.156712920828270312e-03,3.729629101198541491e-02,5.763057305226743782e-02,8.953376019956438281e-03,2.557164377694362903e-02,2.557164377694360821e-02,8.953376019956420934e-03,1.990951722811007147e-03,2.012532596636131595e-03,2.300600215188936849e-03,3.695467021540434389e-03,4.763292920765052445e-03,3.821679701567965749e-03,1.222269720018085738e-02,1.121436933761496254e-03,5.619418299646483780e-04,9.235527311081785651e-03,9.235527311081785651e-03,5.619418299646495706e-04,5.763057305226742394e-02,3.729629101198540103e-02,4.156712920828265975e-03,1.011102618930622039e-02,1.011102618930622213e-02,4.156712920828268577e-03,3.729629101198542879e-02,5.763057305226742394e-02,5.619418299646478359e-04,9.235527311081782181e-03,9.235527311081785651e-03,5.619418299646493538e-04,1.121436933761494085e-03,1.222269720018086085e-02,3.821679701567976591e-03,4.763292920765056782e-03,3.695467021540443063e-03,2.300600215188942921e-03,2.012532596636131595e-03,1.990951722811005846e-03,8.953376019956438281e-03,2.557164377694362903e-02,2.557164377694361862e-02,8.953376019956424403e-03,5.763057305226738924e-02,3.729629101198538715e-02,4.156712920828265108e-03,1.011102618930622213e-02,3.695467021540444364e-03,2.300600215188944222e-03,2.012532596636132896e-03,1.990951722811004979e-03,5.416967990302355707e-02,5.404455341965953841e-02,8.419266629950253322e-03,3.440410595407052130e-02
2.294278832113957195e-02,4.268186295485182531e-03,7.235580680238225260e-02,4.649911563052658986e-02,3.788059267712856528e-04,7.099392499877678255e-04,6.455221971965790541e-03,1.696524428573967930e-02,6.751384452117383493e-03,9.911193930316724698e-04,3.435834393196821740e-02,7.085609045163328290e-02,1.584584699393334255e-03,2.388579851175863869e-02,2.388579851175864910e-02,1.584584699393328400e-03,3.788059267712856528e-04,7.099392499877670666e-04,6.455221971965785337e-03,1.696524428573966889e-02,5.963300313164536341e-03,7.501669728100907562e-03,6.225778484333378479e-03,3.091460886223790726e-04,5.468983994612057389e-04,3.483672894294354873e-03,3.483672894294353138e-03,5.468983994612041126e-04,7.085609045163326902e-02,3.435834393196819658e-02,9.911193930316724698e-04,6.751384452117385228e-03,6.751384452117383493e-03,9.911193930316731203e-04,3.435834393196820352e-02,7.085609045163332453e-02,5.468983994612067146e-04,3.483672894294356608e-03,3.483672894294350536e-03,5.468983994612037873e-04,3.091460886223792353e-04,6.225778484333382816e-03,7.501669728100912767e-03,5.963300313164545015e-03,1.696524428573968277e-02,6.455221971965800082e-03,7.099392499877664161e-04,3.788059267712842976e-04,1.584584699393332087e-03,2.388579851175863869e-02,2.388579851175863175e-02,1.584584699393328834e-03,7.085609045163325515e-02,3.435834393196820352e-02,9.911193930316718192e-04,6.751384452117388697e-03,1.696524428573969664e-02,6.455221971965807888e-03,7.099392499877675003e-04,3.788059267712853818e-04,4.649911563052656904e-02,7.235580680238223872e-02,4.268186295485187735e-03,2.294278832113957195e-02
3.065086384112890999e-02,4.146572610336803077e-03,7.347770928448915662e-02,2.873861091817369803e-02,8.619502332643822016e-04,3.898665047679623430e-04,4.464265525933333589e-03,1.445396065072335548e-02,6.813490725054246848e-03,1.710269671663076441e-03,3.682283542774211771e-02,7.064481776975720106e-02,9.071342781620880466e-03,2.217706939268789326e-02,2.217706939268788632e-02,9.071342781620878731e-03,8.619502332643822016e-04,3.898665047679627767e-04,4.464265525933331855e-03,1.445396065072334160e-02,3.203706715846789139e-03,3.016701418275224891e-03,1.824459712397057587e-04,1.974137371646965747e-03,1.055996437426755643e-03,8.838760813790058971e-03,8.838760813790052032e-03,1.055996437426751306e-03,7.064481776975710392e-02,3.682283542774210383e-02,1.710269671663075790e-03,6.813490725054249450e-03,6.813490725054244246e-03,1.710269671663075790e-03,3.682283542774210383e-02,7.064481776975717331e-02,1.055996437426754125e-03,8.838760813790055501e-03,8.838760813790052032e-03,1.055996437426751523e-03,1.974137371646963578e-03,1.824459712397070326e-04,3.016701418275231830e-03,3.203706715846797379e-03,1.445396065072336589e-02,4.464265525933343998e-03,3.898665047679621804e-04,8.619502332643800332e-04,9.071342781620883935e-03,2.217706939268789326e-02,2.217706939268788632e-02,9.071342781620875262e-03,7.064481776975714555e-02,3.682283542774210383e-02,1.710269671663073839e-03,6.813490725054249450e-03,1.445396065072337977e-02,4.464265525933345732e-03,3.898665047679626683e-04,8.619502332643797079e-04,2.873861091817369109e-02,7.347770928448915662e-02,4.146572610336810884e-03,3.065086384112891693e-02
3.520080656887947246e-02,9.776028587118240284e-03,6.907067443757360092e-02,5.063057521127427296e-02,1.921305010691979741e-03,6.262488788319149407e-04,2.188421676521848380e-03,4.661510194732915342e-03,1.432092132252307977e-02,2.916545058638570116e-03,4.503966461924455850e-02,5.114961722320142401e-02,7.808551955073740961e-03,1.735719959462062728e-02,1.735719959462062034e-02,7.808551955073735756e-03,1.921305010691977573e-03,6.262488788319147239e-04,2.188421676521849248e-03,4.661510194732915342e-03,5.490801360092866185e-05,3.144020600009234979e-03,5.711341572293618732e-03,3.146666671665268762e-03,1.117344292832000334e-03,1.252515934188016752e-02,1.252515934188016752e-02,1.117344292831994046e-03,5.114961722320137544e-02,4.503966461924453074e-02,2.916545058638568381e-03,1.432092132252309885e-02,1.432092132252309538e-02,2.916545058638570116e-03,4.503966461924455850e-02,5.114961722320142401e-02,1.117344292832000551e-03,1.252515934188017446e-02,1.252515934188017446e-02,1.117344292831995347e-03,3.146666671665272232e-03,5.711341572293630875e-03,3.144020600009243219e-03,5.490801360092906165e-05,4.661510194732921414e-03,2.188421676521853151e-03,6.262488788319163502e-04,1.921305010691974971e-03,7.808551955073740961e-03,1.735719959462062034e-02,1.735719959462062034e-02,7.808551955073738358e-03,5.114961722320137544e-02,4.503966461924452380e-02,2.916545058638568381e-03,1.432092132252309538e-02,4.661510194732924883e-03,2.188421676521853151e-03,6.262488788319160249e-04,1.921305010691974971e-03,5.063057521127429378e-02,6.907067443757358705e-02,9.776028587118240284e-03,3.520080656887947246e-02
4.009679817966163573e-02,2.305796158996961664e-02,4.657391923696651420e-02,4.116904165143298738e-02,6.665232191646413250e-03,4.573777123261934738e-03,5.883244711778285764e-03,1.349524016641904384e-02,2.137013443552968420e-02,5.683462115878760816e-03,2.244235250667377113e-02,4.703154031411658359e-02,3.886058552288028205e-03,2.441522094574074056e-02,2.441522094574074750e-02,3.886058552288027337e-03,6.665232191646407178e-03,4.573777123261934738e-03,5.883244711778284897e-03,1.349524016641903516e-02,4.924076522205031274e-03,1.101545967991919041e-03,1.311169035937000821e-02,1.764695969726027278e-03,1.111521086393528045e-03,7.542351111611386022e-03,7.542351111611390359e-03,1.111521086393527395e-03,4.703154031411653502e-02,2.244235250667375725e-02,5.683462115878749540e-03,2.137013443552969114e-02,2.137013443552969114e-02,5.683462115878758214e-03,2.244235250667377460e-02,4.703154031411656277e-02,1.111521086393529130e-03,7.542351111611390359e-03,7.542351111611390359e-03,1.111521086393526094e-03,1.764695969726030097e-03,1.311169035937002035e-02,1.101545967991924028e-03,4.924076522205036478e-03,1.349524016641905251e-02,5.883244711778294438e-03,4.573777123261938207e-03,6.665232191646415852e-03,3.886058552288028205e-03,2.441522094574073362e-02,2.441522094574074750e-02,3.886058552288024735e-03,4.703154031411652114e-02,2.244235250667376072e-02,5.683462115878753010e-03,2.137013443552967379e-02,1.349524016641905945e-02,5.883244711778297040e-03,4.573777123261939942e-03,6.665232191646418454e-03,4.116904165143298044e-02,4.657391923696650726e-02,2.305796158996962358e-02,4.009679817966164961e-02
3.397365262330674651e-02,5.288593875779897674e-02,3.817036354854218966e-02,1.386969743003732373e-02,1.936456693854818464e-03,2.511904742134453850e-03,5.418016817371053978e-03,1.239020848758485248e-02,2.673192715617242823e-02,1.393930248469265297e-02,1.994397513856867657e-02,5.568132394391650530e-02,5.031110239641679860e-03,1.689180349465261091e-02,1.689180349465260050e-02,5.031110239641679860e-03,1.936456693854821066e-03,2.511904742134453850e-03,5.418016817371053978e-03,1.239020848758485248e-02,2.174699817472071708e-02,2.165941257025163092e-03,2.000453306543626981e-03,1.041100801604370220e-03,4.611164639129229637e-04,6.135781387707764205e-03,6.135781387707767674e-03,4.611164639129202531e-04,5.568132394391649143e-02,1.994397513856866963e-02,1.393930248469264256e-02,2.673192715617242823e-02,2.673192715617243170e-02,1.393930248469265297e-02,1.994397513856867657e-02,5.568132394391650530e-02,4.611164639129230721e-04,6.135781387707765940e-03,6.135781387707768542e-03,4.611164639129199279e-04,1.041100801604368051e-03,2.000453306543633920e-03,2.165941257025163092e-03,2.174699817472073096e-02,1.239020848758485595e-02,5.418016817371061784e-03,2.511904742134459922e-03,1.936456693854827138e-03,5.031110239641678125e-03,1.689180349465260050e-02,1.689180349465260050e-02,5.031110239641678125e-03,5.568132394391650530e-02,1.994397513856866963e-02,1.393930248469263909e-02,2.673192715617242129e-02,1.239020848758486115e-02,5.418016817371058315e-03,2.511904742134463825e-03,1.936456693854823668e-03,1.386969743003730986e-02,3.817036354854217578e-02,5.288593875779897674e-02,3.397365262330676039e-02
7.484315400738973667e-02,4.799359186949200828e-02,2.606783558831974462e-02,1.158523194788477553e-02,5.547608817285149159e-04,1.877442826317126702e-03,4.281449688777469627e-03,1.547848806597341108e-02,2.622054569391238724e-02,2.589110559639239487e-02,2.227415120480923452e-02,2.498903211225814158e-02,9.874179494877651300e-03,1.735857617494539554e-02,1.735857617494539901e-02,9.874179494877656504e-03,5.547608817285151327e-04,1.877442826317126702e-03,4.281449688777468759e-03,1.547848806597341108e-02,3.150318364865840708e-03,4.880066294816497782e-04,3.295306557629529808e-03,4.560344829694995029e-03,1.378552232668024506e-03,1.382982112996103581e-02,1.382982112996104622e-02,1.378552232668021904e-03,2.498903211225809648e-02,2.227415120480921024e-02,2.589110559639239487e-02,2.622054569391239418e-02,2.622054569391238724e-02,2.589110559639241221e-02,2.227415120480923452e-02,2.498903211225812770e-02,1.378552232668024072e-03,1.382982112996103581e-02,1.382982112996104102e-02,1.378552232668023205e-03,4.560344829694995029e-03,3.295306557629538915e-03,4.880066294816528681e-04,3.150318364865839840e-03,1.547848806597341108e-02,4.281449688777473096e-03,1.877442826317130605e-03,5.547608817285139401e-04,9.874179494877646096e-03,1.735857617494539554e-02,1.735857617494539901e-02,9.874179494877656504e-03,2.498903211225809648e-02,2.227415120480922064e-02,2.589110559639237752e-02,2.622054569391237683e-02,1.547848806597341628e-02,4.281449688777471362e-03,1.877442826317129304e-03,5.547608817285139401e-04,1.158523194788477553e-02,2.606783558831973074e-02,4.799359186949200828e-02,7.484315400738976443e-02
6.694775670054571581e-02,3.779496300853012192e-02,1.402121549758408164e-02,9.123659352836193531e-03,1.696594536364351077e-02,1.779038169565410818e-02,5.355363466147657937e-03,9.108355230796073279e-04,3.185709031110087880e-02,1.334708756624947666e-02,2.724445621580582136e-02,2.422901553397490554e-02,1.177055314200387698e-02,2.051588738774928061e-02,2.051588738774928755e-02,1.177055314200387698e-02,1.696594536364350383e-02,1.779038169565410818e-02,5.355363466147657937e-03,9.108355230796055932e-04,1.892410948856006973e-03,8.251866252857743486e-03,1.871054676537082248e-03,4.649546012746771581e-03,1.286027269453719020e-03,6.451120299890375845e-03,6.451120299890382784e-03,1.286027269453723790e-03,2.422901553397487431e-02,2.724445621580580748e-02,1.334708756624946799e-02,3.185709031110085798e-02,3.185709031110085798e-02,1.334708756624947666e-02,2.724445621580582136e-02,2.422901553397490554e-02,1.286027269453718152e-03,6.451120299890381049e-03,6.451120299890384518e-03,1.286027269453722706e-03,4.649546012746775918e-03,1.871054676537085501e-03,8.251866252857753894e-03,1.892410948856010659e-03,9.108355230796092794e-04,5.355363466147649264e-03,1.779038169565410818e-02,1.696594536364352465e-02,1.177055314200387698e-02,2.051588738774928755e-02,2.051588738774928755e-02,1.177055314200387177e-02,2.422901553397489166e-02,2.724445621580580748e-02,1.334708756624946452e-02,3.185709031110085798e-02,9.108355230796090626e-04,5.355363466147649264e-03,1.779038169565411512e-02,1.696594536364352812e-02,9.123659352836202205e-03,1.402121549758408511e-02,3.779496300853011498e-02,6.694775670054570194e-02
4.371604412943750489e-02,3.688743349473416061e-02,1.536133099141115572e-02,1.061384051535754422e-02,1.311572799529347154e-02,2.082235570200750494e-02,2.528515048527240662e-03,2.023423731205942905e-02,3.746707540667714581e-02,6.855482394390993370e-03,1.074409224810316497e-02,1.551903559610843392e-02,6.549597681945151491e-04,1.855097924246488020e-02,1.855097924246488714e-02,6.549597681945161249e-04,1.311572799529347154e-02,2.082235570200750494e-02,2.528515048527240662e-03,2.023423731205942211e-02,5.628121224890908492e-02,1.307242400448683237e-03,1.329306760081353130e-02,2.035160497514307970e-02,3.373486770908790556e-03,1.228164337137038244e-03,1.228164337137041279e-03,3.373486770908782316e-03,1.551903559610843218e-02,1.074409224810315977e-02,6.855482394390988166e-03,3.746707540667712499e-02,3.746707540667712499e-02,6.855482394390993370e-03,1.074409224810315804e-02,1.551903559610842524e-02,3.373486770908789689e-03,1.228164337137039111e-03,1.228164337137040846e-03,3.373486770908780148e-03,2.035160497514308317e-02,1.329306760081354170e-02,1.307242400448686923e-03,5.628121224890908492e-02,2.023423731205942211e-02,2.528515048527236325e-03,2.082235570200749800e-02,1.311572799529349062e-02,6.549597681945160165e-04,1.855097924246487673e-02,1.855097924246486979e-02,6.549597681945173175e-04,1.551903559610841830e-02,1.074409224810315977e-02,6.855482394390984696e-03,3.746707540667714581e-02,2.023423731205942211e-02,2.528515048527235458e-03,2.082235570200749453e-02,1.311572799529348021e-02,1.061384051535756330e-02,1.536133099141113317e-02,3.688743349473420224e-02,4.371604412943750489e-02
4.860978923748728031e-02,1.313795088053863573e-02,3.842752991934628853e-02,1.935009446866054611e-02,3.084076900524248752e-02,2.491855636071620486e-02,2.120106417194042407e-03,1.372918493879926247e-02,1.779424610135151540e-03,8.188503494181551337e-03,1.129587780434789836e-02,3.442897169499288187e-03,1.071033528809707709e-02,1.164129328953951090e-02,1.164129328953950049e-02,1.071033528809707709e-02,3.084076900524247711e-02,2.491855636071620486e-02,2.120106417194046310e-03,1.372918493879925379e-02,4.510005355933793814e-02,2.836284814218519544e-03,2.949337530842635613e-02,5.405679220429835535e-02,5.188963949167605619e-04,5.308220031173841932e-03,5.308220031173843667e-03,5.188963949167616461e-04,3.442897169499289922e-03,1.129587780434788621e-02,8.188503494181547868e-03,1.779424610135156527e-03,1.779424610135152407e-03,8.188503494181560011e-03,1.129587780434789836e-02,3.442897169499285585e-03,5.188963949167613209e-04,5.308220031173843667e-03,5.308220031173843667e-03,5.188963949167613209e-04,5.405679220429834148e-02,2.949337530842639776e-02,2.836284814218523447e-03,4.510005355933787569e-02,1.372918493879923471e-02,2.120106417194044576e-03,2.491855636071619792e-02,3.084076900524249792e-02,1.071033528809706148e-02,1.164129328953951090e-02,1.164129328953950569e-02,1.071033528809707015e-02,3.442897169499288187e-03,1.129587780434787234e-02,8.188503494181554807e-03,1.779424610135160430e-03,1.372918493879926247e-02,2.120106417194045009e-03,2.491855636071619792e-02,3.084076900524248752e-02,1.935009446866054611e-02,3.842752991934628159e-02,1.313795088053866869e-02,4.860978923748725949e-02
8.593399655448130670e-02,5.763723995854630640e-03,4.325363843980577845e-04,2.308565049252754228e-02,9.498760726632774973e-03,3.410456398313117810e-02,2.758300017828298201e-02,4.002204503032991655e-03,4.651865908380851261e-03,2.128130170623736273e-02,2.985406753188661264e-02,7.039627155436736089e-03,3.169955720507932478e-02,2.338742743175769613e-03,2.338742743175772215e-03,3.169955720507931091e-02,9.498760726632774973e-03,3.410456398313116422e-02,2.758300017828300282e-02,4.002204503032998593e-03,5.871151663058175657e-04,2.097618978117846492e-02,9.415233156394337433e-04,3.603373181337878300e-04,1.874406208097808418e-04,8.718331233654152621e-03,8.718331233654147416e-03,1.874406208097805166e-04,7.039627155436729150e-03,2.985406753188662304e-02,2.128130170623736273e-02,4.651865908380849526e-03,4.651865908380851261e-03,2.128130170623737313e-02,2.985406753188662304e-02,7.039627155436731752e-03,1.874406208097805166e-04,8.718331233654156090e-03,8.718331233654150886e-03,1.874406208097804624e-04,3.603373181337899984e-04,9.415233156394295149e-04,2.097618978117848920e-02,5.871151663058166983e-04,4.002204503032986450e-03,2.758300017828295772e-02,3.410456398313115728e-02,9.498760726632788851e-03,3.169955720507932478e-02,2.338742743175770914e-03,2.338742743175770047e-03,3.169955720507932478e-02,7.039627155436726548e-03,2.985406753188659529e-02,2.128130170623738007e-02,4.651865908380851261e-03,4.002204503032989920e-03,2.758300017828297854e-02,3.410456398313115728e-02,9.498760726632776707e-03,2.308565049252752494e-02,4.325363843980575135e-04,5.763723995854624568e-03,8.593399655448123731e-02
7.207695227355766232e-02,5.436294038043269772e-02,5.999749498612527536e-03,1.470402417105171576e-02,1.098420250402905654e-02,2.071717812261568772e-02,3.909087037160213600e-03,2.948524006976355541e-02,1.244891153111628984e-02,2.776918436546519861e-02,1.268628230607704577e-02,1.168440001148387218e-02,4.366503428740883819e-03,5.886370400631096150e-03,5.886370400631090079e-03,4.366503428740889023e-03,1.098420250402905654e-02,2.071717812261569119e-02,3.909087037160213600e-03,2.948524006976353459e-02,4.071560397079393781e-03,3.987083898914140813e-03,6.625203944736501351e-04,1.756943053172477232e-02,1.008700189079655626e-02,1.325850755919734392e-02,1.325850755919734739e-02,1.008700189079654932e-02,1.168440001148386351e-02,1.268628230607702322e-02,2.776918436546515351e-02,1.244891153111628637e-02,1.244891153111628984e-02,2.776918436546518820e-02,1.268628230607703709e-02,1.168440001148386698e-02,1.008700189079655279e-02,1.325850755919733524e-02,1.325850755919734739e-02,1.008700189079654932e-02,1.756943053172475844e-02,6.625203944736532792e-04,3.987083898914144282e-03,4.071560397079405057e-03,2.948524006976353459e-02,3.909087037160213600e-03,2.071717812261567732e-02,1.098420250402904960e-02,4.366503428740883819e-03,5.886370400631097018e-03,5.886370400631090079e-03,4.366503428740889023e-03,1.168440001148386351e-02,1.268628230607702322e-02,2.776918436546517779e-02,1.244891153111628637e-02,2.948524006976355541e-02,3.909087037160213600e-03,2.071717812261567732e-02,1.098420250402904960e-02,1.470402417105175739e-02,5.999749498612530138e-03,5.436294038043266302e-02,7.207695227355766232e-02
2.075070031883009813e-02,7.695067872908410711e-02,1.553989489102859493e-02,7.075794522047898667e-03,8.918778471995708612e-03,7.464899348595904413e-03,2.708960372918041773e-03,1.166025349788927211e-02,4.682523298769956238e-02,2.018852230576607260e-02,9.271869566581198915e-03,3.090651944598394110e-02,5.495588900036126392e-03,1.623451070463305043e-02,1.623451070463307819e-02,5.495588900036138535e-03,8.918778471995710347e-03,7.464899348595909617e-03,2.708960372918041339e-03,1.166025349788926344e-02,3.546505149954664454e-02,6.094110288615735282e-03,1.856394441295631473e-03,2.911800947094607471e-04,2.159898421427664406e-03,6.153063583894435688e-03,6.153063583894442627e-03,2.159898421427663539e-03,3.090651944598390988e-02,9.271869566581202385e-03,2.018852230576605178e-02,4.682523298769956238e-02,4.682523298769958320e-02,2.018852230576608994e-02,9.271869566581207589e-03,3.090651944598392029e-02,2.159898421427661804e-03,6.153063583894438290e-03,6.153063583894442627e-03,2.159898421427662238e-03,2.911800947094623734e-04,1.856394441295639930e-03,6.094110288615724874e-03,3.546505149954665148e-02,1.166025349788927211e-02,2.708960372918047844e-03,7.464899348595914821e-03,8.918778471995734633e-03,5.495588900036123790e-03,1.623451070463307125e-02,1.623451070463305737e-02,5.495588900036134199e-03,3.090651944598392029e-02,9.271869566581204120e-03,2.018852230576605178e-02,4.682523298769954850e-02,1.166025349788928078e-02,2.708960372918047844e-03,7.464899348595909617e-03,8.918778471995724225e-03,7.075794522047915147e-03,1.553989489102859320e-02,7.695067872908417650e-02,2.075070031883009813e-02
7.037538607593103734e-02,4.408555348572151811e-02,2.340464134699656723e-02,3.523395473764977942e-02,1.144103077467023728e-02,6.779437787783598041e-03,4.222032589826655094e-03,6.402229026115889565e-03,3.710892900897071189e-02,1.285457268718237164e-02,1.170669066164110525e-02,2.418840739101583287e-02,3.992855326506348883e-03,1.950840550569968995e-02,1.950840550569970730e-02,3.992855326506352352e-03,1.144103077467023208e-02,6.779437787783591102e-03,4.222032589826655094e-03,6.402229026115888698e-03,2.904494391494203461e-03,7.944453770505052748e-03,2.005909043218144158e-02,2.030788877785962791e-03,3.997429743325169255e-04,8.376484707122116083e-03,8.376484707122121287e-03,3.997429743325174134e-04,2.418840739101581205e-02,1.170669066164110005e-02,1.285457268718235950e-02,3.710892900897071189e-02,3.710892900897072577e-02,1.285457268718238205e-02,1.170669066164110525e-02,2.418840739101582593e-02,3.997429743325172508e-04,8.376484707122117818e-03,8.376484707122117818e-03,3.997429743325181181e-04,2.030788877785967561e-03,2.005909043218146240e-02,7.944453770505061421e-03,2.904494391494206063e-03,6.402229026115886096e-03,4.222032589826655094e-03,6.779437787783595439e-03,1.144103077467024249e-02,3.992855326506348015e-03,1.950840550569968995e-02,1.950840550569968995e-02,3.992855326506352352e-03,2.418840739101582593e-02,1.170669066164109484e-02,1.285457268718235430e-02,3.710892900897071189e-02,6.402229026115889565e-03,4.222032589826655094e-03,6.779437787783598041e-03,1.144103077467024422e-02,3.523395473764977248e-02,2.340464134699656723e-02,4.408555348572149729e-02,7.037538607593103734e-02
5.960409712248829900e-02,2.227806127790882967e-02,4.758752762006537157e-02,2.578201109562432147e-02,4.960083809725114980e-04,1.914576039064792498e-03,6.888250695999738153e-03,1.037933651892814814e-02,2.118358573029615818e-02,1.102444560135305320e-02,3.324733954462578966e-02,3.959141218175663002e-02,7.562743921050127036e-03,1.782047819740470787e-02,1.782047819740472522e-02,7.562743921050130505e-03,4.960083809725110643e-04,1.914576039064792498e-03,6.888250695999736418e-03,1.037933651892814814e-02,3.937059460709265682e-04,8.277823579540932730e-03,5.653642610944567028e-03,1.522213394592654466e-03,3.829930914204923188e-03,1.051235095072548982e-02,1.051235095072548982e-02,3.829930914204915382e-03,3.959141218175661614e-02,3.324733954462577579e-02,1.102444560135303932e-02,2.118358573029615818e-02,2.118358573029615818e-02,1.102444560135305666e-02,3.324733954462578966e-02,3.959141218175663002e-02,3.829930914204923188e-03,1.051235095072548635e-02,1.051235095072548635e-02,3.829930914204912346e-03,1.522213394592651431e-03,5.653642610944577436e-03,8.277823579540943139e-03,3.937059460709273814e-04,1.037933651892814814e-02,6.888250695999738153e-03,1.914576039064795100e-03,4.960083809725082454e-04,7.562743921050127036e-03,1.782047819740471481e-02,1.782047819740472522e-02,7.562743921050127036e-03,3.959141218175659532e-02,3.324733954462577579e-02,1.102444560135303932e-02,2.118358573029615818e-02,1.037933651892814814e-02,6.888250695999735551e-03,1.914576039064794233e-03,4.960083809725073780e-04,2.578201109562430066e-02,4.758752762006537157e-02,2.227806127790883314e-02,5.960409712248831982e-02
3.775828963926896459e-02,1.828814925235533115e-02,5.351687840249128025e-02,1.425622234295609650e-02,2.524273319284774022e-03,2.611438101545794665e-04,3.233168408319534674e-03,1.391512332296564007e-02,1.850020242054100164e-02,1.024120899591498927e-02,3.088554077630501979e-02,6.069832195022373256e-02,7.883592960540331332e-03,2.604617396807008822e-02,2.604617396807008822e-02,7.883592960540331332e-03,2.524273319284772721e-03,2.611438101545791412e-04,3.233168408319532505e-03,1.391512332296565395e-02,6.104268960828720773e-03,2.340008456144338205e-03,1.112393048301685500e-03,3.431206970445898892e-04,1.814092704486728724e-03,7.137491963498109569e-03,7.137491963498109569e-03,1.814092704486724387e-03,6.069832195022368398e-02,3.088554077630498509e-02,1.024120899591497887e-02,1.850020242054099123e-02,1.850020242054100164e-02,1.024120899591498927e-02,3.088554077630501979e-02,6.069832195022370480e-02,1.814092704486728724e-03,7.137491963498112171e-03,7.137491963498109569e-03,1.814092704486724387e-03,3.431206970445879918e-04,1.112393048301684850e-03,2.340008456144345578e-03,6.104268960828728580e-03,1.391512332296566609e-02,3.233168408319544215e-03,2.611438101545805507e-04,2.524273319284773588e-03,7.883592960540333067e-03,2.604617396807009863e-02,2.604617396807008822e-02,7.883592960540331332e-03,6.069832195022372562e-02,3.088554077630499897e-02,1.024120899591497366e-02,1.850020242054098776e-02,1.391512332296565915e-02,3.233168408319542480e-03,2.611438101545797918e-04,2.524273319284774889e-03,1.425622234295607568e-02,5.351687840249125944e-02,1.828814925235533809e-02,3.775828963926897153e-02
1.964699272105629654e-02,7.958909606655541896e-03,6.437957346024042460e-02,5.968036861575021224e-02,2.041337664063486330e-03,6.552841600171467867e-04,3.987438946843413837e-03,1.246621143261606932e-02,1.528541480680021235e-02,6.328203864401344032e-03,3.185891696829254438e-02,5.989057395715171456e-02,2.950315201631537217e-03,2.347511810601007887e-02,2.347511810601007887e-02,2.950315201631532012e-03,2.041337664063488065e-03,6.552841600171458109e-04,3.987438946843415571e-03,1.246621143261606585e-02,2.997423133815086543e-03,5.453406959527698668e-03,1.431665669624580632e-02,8.392698917310575024e-04,3.912673964015045500e-04,3.033616953259879283e-03,3.033616953259874512e-03,3.912673964015050379e-04,5.989057395715169374e-02,3.185891696829252356e-02,6.328203864401344032e-03,1.528541480680020714e-02,1.528541480680021929e-02,6.328203864401348369e-03,3.185891696829254438e-02,5.989057395715173537e-02,3.912673964015041164e-04,3.033616953259876247e-03,3.033616953259879283e-03,3.912673964015045500e-04,8.392698917310580445e-04,1.431665669624581846e-02,5.453406959527708209e-03,2.997423133815088278e-03,1.246621143261607972e-02,3.987438946843422510e-03,6.552841600171465698e-04,2.041337664063488933e-03,2.950315201631538518e-03,2.347511810601007887e-02,2.347511810601007887e-02,2.950315201631533747e-03,5.989057395715169374e-02,3.185891696829252356e-02,6.328203864401344032e-03,1.528541480680020714e-02,1.246621143261608319e-02,3.987438946843424245e-03,6.552841600171476540e-04,2.041337664063488065e-03,5.968036861575017754e-02,6.437957346024046623e-02,7.958909606655548835e-03,1.964699272105630001e-02
3.021699551950227797e-02,4.811790925104131138e-03,5.095898316155788449e-02,5.577901316995987485e-02,2.589179472303633749e-03,2.829542719843588378e-03,3.859040463959278761e-03,3.013542497012643411e-03,9.628621116366028326e-03,5.915537902448518483e-04,3.782376775782764211e-02,5.933713820832237085e-02,9.507846010753880778e-03,2.936614362715023532e-02,2.936614362715023532e-02,9.507846010753859961e-03,2.589179472303633316e-03,2.829542719843588378e-03,3.859040463959278761e-03,3.013542497012639508e-03,4.381151284447395121e-03,5.504558777213347173e-03,1.425810666315298000e-02,3.665200402486389021e-04,1.569472856030496846e-03,6.745591709592233497e-03,6.745591709592231762e-03,1.569472856030496846e-03,5.933713820832232921e-02,3.782376775782762129e-02,5.915537902448510894e-04,9.628621116366035265e-03,9.628621116366037000e-03,5.915537902448514147e-04,3.782376775782765599e-02,5.933713820832237085e-02,1.569472856030497280e-03,6.745591709592233497e-03,6.745591709592231762e-03,1.569472856030497930e-03,3.665200402486396068e-04,1.425810666315299562e-02,5.504558777213361051e-03,4.381151284447399458e-03,3.013542497012650784e-03,3.859040463959286134e-03,2.829542719843590980e-03,2.589179472303631147e-03,9.507846010753880778e-03,2.936614362715024920e-02,2.936614362715022838e-02,9.507846010753868635e-03,5.933713820832232921e-02,3.782376775782762129e-02,5.915537902448523904e-04,9.628621116366031796e-03,3.013542497012651651e-03,3.859040463959283965e-03,2.829542719843589679e-03,2.589179472303629412e-03,5.577901316995985403e-02,5.095898316155788449e-02,4.811790925104132872e-03,3.021699551950230225e-02
3.962345267219655187e-02,5.017222785188111579e-03,6.060843637345699614e-02,2.722088297689657238e-02,2.553991629815922644e-04,4.994175326515584322e-04,1.695242851468112179e-03,1.449235932543754130e-02,5.553517872179424171e-03,2.893192190192824323e-04,4.395626208216369540e-02,6.914435708580946027e-02,6.889976851472447150e-03,2.577515477665888455e-02,2.577515477665887067e-02,6.889976851472442813e-03,2.553991629815924812e-04,4.994175326515577816e-04,1.695242851468112179e-03,1.449235932543754130e-02,5.503229402637102585e-03,4.631945862859577351e-03,5.227914647310290611e-03,1.445312052448669352e-04,1.363250005142767167e-03,6.096935272120199145e-03,6.096935272120197410e-03,1.363250005142762180e-03,6.914435708580936313e-02,4.395626208216367459e-02,2.893192190192820528e-04,5.553517872179421569e-03,5.553517872179425906e-03,2.893192190192822155e-04,4.395626208216369540e-02,6.914435708580943252e-02,1.363250005142766733e-03,6.096935272120200880e-03,6.096935272120199145e-03,1.363250005142763047e-03,1.445312052448665828e-04,5.227914647310303621e-03,4.631945862859580820e-03,5.503229402637106922e-03,1.449235932543757252e-02,1.695242851468121287e-03,4.994175326515575648e-04,2.553991629815928607e-04,6.889976851472449752e-03,2.577515477665888455e-02,2.577515477665888455e-02,6.889976851472447150e-03,6.914435708580939088e-02,4.395626208216367459e-02,2.893192190192822155e-04,5.553517872179418967e-03,1.449235932543757252e-02,1.695242851468119986e-03,4.994175326515572395e-04,2.553991629815926981e-04,2.722088297689653422e-02,6.060843637345701695e-02,5.017222785188128059e-03,3.962345267219651024e-02
3.663893183812919063e-02,7.371273249651195784e-03,5.460110843817061327e-02,2.638078532082429803e-02,1.362308624684391463e-03,6.523664661691486741e-04,3.577637834575801527e-03,1.182437530234171225e-02,8.586848263299284509e-03,1.143795944336421528e-03,4.173163732038068924e-02,6.914917521714970816e-02,5.931923495000640707e-03,2.958879292162719041e-02,2.958879292162718000e-02,5.931923495000626829e-03,1.362308624684391463e-03,6.523664661691494331e-04,3.577637834575801527e-03,1.182437530234171225e-02,4.517299641823454420e-03,8.699409800742834847e-03,3.782679029209393747e-03,8.031000331471360287e-04,2.285097758696190764e-03,2.768747175889741795e-03,2.768747175889738326e-03,2.285097758696188596e-03,6.914917521714963877e-02,4.173163732038065454e-02,1.143795944336419793e-03,8.586848263299289713e-03,8.586848263299281039e-03,1.143795944336421745e-03,4.173163732038066842e-02,6.914917521714968041e-02,2.285097758696190764e-03,2.768747175889740061e-03,2.768747175889736591e-03,2.285097758696187729e-03,8.031000331471350529e-04,3.782679029209395482e-03,8.699409800742846990e-03,4.517299641823463094e-03,1.182437530234174000e-02,3.577637834575808900e-03,6.523664661691486741e-04,1.362308624684391463e-03,5.931923495000635503e-03,2.958879292162719735e-02,2.958879292162718000e-02,5.931923495000626829e-03,6.914917521714968041e-02,4.173163732038066842e-02,1.143795944336420877e-03,8.586848263299284509e-03,1.182437530234173653e-02,3.577637834575807599e-03,6.523664661691486741e-04,1.362308624684390812e-03,2.638078532082427027e-02,5.460110843817059245e-02,7.371273249651199254e-03,3.663893183812920451e-02
3.777210994536364663e-02,5.073738300605998806e-03,6.228201739266739367e-02,4.673189655435076167e-02,6.337936551335426926e-04,2.783605824236902882e-03,5.912527225208550480e-03,5.996230162842142511e-03,1.524704711234902213e-02,5.452488303438008353e-03,3.063233670205118414e-02,5.512879949076003594e-02,8.311787039534722019e-03,2.633752434585856853e-02,2.633752434585856853e-02,8.311787039534718549e-03,6.337936551335422589e-04,2.783605824236900714e-03,5.912527225208552215e-03,5.996230162842145980e-03,2.112102024907366350e-03,8.372716232346916546e-03,1.249033982394313208e-02,1.553365580593335906e-03,1.219474689093179558e-03,4.150242522104802267e-03,4.150242522104802267e-03,1.219474689093180643e-03,5.512879949076006370e-02,3.063233670205115292e-02,5.452488303438005751e-03,1.524704711234901693e-02,1.524704711234902213e-02,5.452488303438010088e-03,3.063233670205117373e-02,5.512879949076003594e-02,1.219474689093177607e-03,4.150242522104798798e-03,4.150242522104802267e-03,1.219474689093181293e-03,1.553365580593333737e-03,1.249033982394313902e-02,8.372716232346935628e-03,2.112102024907369820e-03,5.996230162842152919e-03,5.912527225208562623e-03,2.783605824236905484e-03,6.337936551335430178e-04,8.311787039534723753e-03,2.633752434585856853e-02,2.633752434585857893e-02,8.311787039534718549e-03,5.512879949076006370e-02,3.063233670205117373e-02,5.452488303438004884e-03,1.524704711234902213e-02,5.996230162842150317e-03,5.912527225208565225e-03,2.783605824236902882e-03,6.337936551335421505e-04,4.673189655435071310e-02,6.228201739266737286e-02,5.073738300605998806e-03,3.777210994536366051e-02
3.044336203286481662e-02,2.696364446894928754e-02,4.059239775984364862e-02,4.176253213353890714e-02,5.418337414861158080e-03,7.200216272068272159e-04,2.221251356693789564e-03,1.020092133219841803e-02,2.934741961486555042e-02,1.652038455506973230e-02,2.416980581907723913e-02,4.369236927419920674e-02,4.549159178727041515e-03,2.561620834448502873e-02,2.561620834448503567e-02,4.549159178727046719e-03,5.418337414861156345e-03,7.200216272068277580e-04,2.221251356693790431e-03,1.020092133219841456e-02,5.368520664289320489e-03,2.384398534845498432e-03,1.002558211283928122e-02,2.980490773477144015e-03,1.377577159641210462e-03,5.906080082650881115e-03,5.906080082650881115e-03,1.377577159641210029e-03,4.369236927419914429e-02,2.416980581907721484e-02,1.652038455506972536e-02,2.934741961486553655e-02,2.934741961486553655e-02,1.652038455506973230e-02,2.416980581907722525e-02,4.369236927419919286e-02,1.377577159641208727e-03,5.906080082650881115e-03,5.906080082650880247e-03,1.377577159641210462e-03,2.980490773477145316e-03,1.002558211283929510e-02,2.384398534845501034e-03,5.368520664289327428e-03,1.020092133219842843e-02,2.221251356693795202e-03,7.200216272068304686e-04,5.418337414861163284e-03,4.549159178727040648e-03,2.561620834448503567e-02,2.561620834448502873e-02,4.549159178727041515e-03,4.369236927419917205e-02,2.416980581907721831e-02,1.652038455506971495e-02,2.934741961486551226e-02,1.020092133219842843e-02,2.221251356693795202e-03,7.200216272068299264e-04,5.418337414861165886e-03,4.176253213353887939e-02,4.059239775984361392e-02,2.696364446894928407e-02,3.044336203286480275e-02
4.955423098657888575e-02,3.573375231726408363e-02,1.927703850747538444e-02,5.599746581568562469e-03,1.114173793991670791e-03,5.162089985189154996e-03,2.588049404130324509e-03,1.626881476248437028e-02,2.719315930154932517e-02,1.644962850728601614e-02,2.304220893525798716e-02,4.191611753665361317e-02,7.747145361411157498e-03,2.821399314421389054e-02,2.821399314421389054e-02,7.747145361411161835e-03,1.114173793991670575e-03,5.162089985189158466e-03,2.588049404130324509e-03,1.626881476248436334e-02,1.125253198803015213e-02,1.691895549371615591e-03,5.777667823733533860e-03,3.441517229592142447e-03,7.301753294321349647e-03,6.838675481703936077e-03,6.838675481703931740e-03,7.301753294321335769e-03,4.191611753665356460e-02,2.304220893525796635e-02,1.644962850728600226e-02,2.719315930154932517e-02,2.719315930154933211e-02,1.644962850728601961e-02,2.304220893525798716e-02,4.191611753665361317e-02,7.301753294321346177e-03,6.838675481703934342e-03,6.838675481703932607e-03,7.301753294321340106e-03,3.441517229592131605e-03,5.777667823733539064e-03,1.691895549371620145e-03,1.125253198803016601e-02,1.626881476248437028e-02,2.588049404130324509e-03,5.162089985189158466e-03,1.114173793991673610e-03,7.747145361411153161e-03,2.821399314421387666e-02,2.821399314421389054e-02,7.747145361411157498e-03,4.191611753665358542e-02,2.304220893525796982e-02,1.644962850728599879e-02,2.719315930154932517e-02,1.626881476248437028e-02,2.588049404130323642e-03,5.162089985189157598e-03,1.114173793991673610e-03,5.599746581568563336e-03,1.927703850747540526e-02,3.573375231726408363e-02,4.955423098657888575e-02
9.164351014337984713e-02,5.609860565453586578e-02,3.700531341708744593e-02,8.405039748937472369e-03,3.759963854633016113e-03,6.704105288331306881e-03,1.159026539635879538e-02,1.004826873910858419e-02,3.242811142983136052e-02,1.598320033113067445e-02,1.442980980141994260e-02,1.885608572820118845e-02,5.077624674824863724e-03,8.125572209673498358e-03,8.125572209673512236e-03,5.077624674824873265e-03,3.759963854633017414e-03,6.704105288331306881e-03,1.159026539635880058e-02,1.004826873910858592e-02,1.950051269895772136e-03,6.980815078803861463e-03,1.515040045123767359e-02,6.348804201331791075e-04,5.878899596244159878e-03,8.183784858237116294e-03,8.183784858237123233e-03,5.878899596244159011e-03,1.885608572820116763e-02,1.442980980141993046e-02,1.598320033113065711e-02,3.242811142983133971e-02,3.242811142983136052e-02,1.598320033113065711e-02,1.442980980141993740e-02,1.885608572820119538e-02,5.878899596244162480e-03,8.183784858237118029e-03,8.183784858237118029e-03,5.878899596244159011e-03,6.348804201331798664e-04,1.515040045123769268e-02,6.980815078803872739e-03,1.950051269895772569e-03,1.004826873910859286e-02,1.159026539635879191e-02,6.704105288331315554e-03,3.759963854633019149e-03,5.077624674824868928e-03,8.125572209673496624e-03,8.125572209673512236e-03,5.077624674824874999e-03,1.885608572820117804e-02,1.442980980141993046e-02,1.598320033113066405e-02,3.242811142983133971e-02,1.004826873910858245e-02,1.159026539635879191e-02,6.704105288331312952e-03,3.759963854633019149e-03,8.405039748937461960e-03,3.700531341708742511e-02,5.609860565453581721e-02,9.164351014337984713e-02
3.095474980824127961e-02,5.960371728178501943e-02,1.553869490627458189e-02,2.084467990202090379e-02,2.187293758668933802e-02,1.192401831122637604e-02,2.843590036708775783e-03,3.431000632325145391e-03,5.606306299088863188e-02,1.977730846337591095e-02,8.119244875954809842e-03,1.870667161796793140e-02,1.628236638988278496e-04,3.022773142514046871e-02,3.022773142514048605e-02,1.628236638988285272e-04,2.187293758668932761e-02,1.192401831122637257e-02,2.843590036708777084e-03,3.431000632325139320e-03,1.780299771038564970e-03,2.413566424929254779e-03,2.152071387759950209e-03,7.332697006611119638e-03,1.921083684113111941e-03,4.640288467380358599e-03,4.640288467380364670e-03,1.921083684113119097e-03,1.870667161796790365e-02,8.119244875954809842e-03,1.977730846337587278e-02,5.606306299088856943e-02,5.606306299088856943e-02,1.977730846337590401e-02,8.119244875954804638e-03,1.870667161796791406e-02,1.921083684113115194e-03,4.640288467380358599e-03,4.640288467380365538e-03,1.921083684113118013e-03,7.332697006611130913e-03,2.152071387759957148e-03,2.413566424929259550e-03,1.780299771038566055e-03,3.431000632325142789e-03,2.843590036708777951e-03,1.192401831122638645e-02,2.187293758668935884e-02,1.628236638988273346e-04,3.022773142514047218e-02,3.022773142514047912e-02,1.628236638988287983e-04,1.870667161796790712e-02,8.119244875954816781e-03,1.977730846337587278e-02,5.606306299088860412e-02,3.431000632325146259e-03,2.843590036708777951e-03,1.192401831122637951e-02,2.187293758668936924e-02,2.084467990202091767e-02,1.553869490627456801e-02,5.960371728178499862e-02,3.095474980824126227e-02
2.844573164362897491e-02,3.450035649427832252e-02,1.999126866106775910e-02,2.355544076738561726e-02,2.522745387757514834e-02,2.994095233398963440e-02,8.533948378669549027e-04,2.894581483907939998e-02,1.479263797148853976e-02,1.322960493485268729e-02,3.646902073175161286e-03,1.686483405387300544e-02,2.930948392398108858e-03,3.296808504996017689e-03,3.296808504996021159e-03,2.930948392398112327e-03,2.522745387757516569e-02,2.994095233398965522e-02,8.533948378669554448e-04,2.894581483907938610e-02,5.213400481846439116e-02,8.150708488109880204e-03,1.170601269209754812e-03,1.973119235853529590e-03,1.759959996194209592e-02,7.710432529764039630e-03,7.710432529764046569e-03,1.759959996194208898e-02,1.686483405387299156e-02,3.646902073175164755e-03,1.322960493485267688e-02,1.479263797148853109e-02,1.479263797148853629e-02,1.322960493485269076e-02,3.646902073175163888e-03,1.686483405387300197e-02,1.759959996194209939e-02,7.710432529764039630e-03,7.710432529764043100e-03,1.759959996194209939e-02,1.973119235853539998e-03,1.170601269209750042e-03,8.150708488109894082e-03,5.213400481846439116e-02,2.894581483907939304e-02,8.533948378669503490e-04,2.994095233398961706e-02,2.522745387757519345e-02,2.930948392398105822e-03,3.296808504996016822e-03,3.296808504996021159e-03,2.930948392398114496e-03,1.686483405387300197e-02,3.646902073175166056e-03,1.322960493485267688e-02,1.479263797148852068e-02,2.894581483907940692e-02,8.533948378669520838e-04,2.994095233398961706e-02,2.522745387757518651e-02,2.355544076738563461e-02,1.999126866106774175e-02,3.450035649427838497e-02,2.844573164362894022e-02
7.401449616256068620e-02,1.957446082142733079e-02,5.213628204743855216e-03,3.647216788644136454e-02,1.759128726470162579e-02,3.568925396656023180e-02,9.963878153703873211e-03,6.623098523913663327e-03,5.800238528763264172e-03,7.115612222391337442e-03,9.169796940427934334e-03,1.348577878616314145e-03,5.745210707461144949e-03,1.552550673710140737e-02,1.552550673710141951e-02,5.745210707461135408e-03,1.759128726470163273e-02,3.568925396656025956e-02,9.963878153703869742e-03,6.623098523913652051e-03,1.259766551861867846e-02,2.625740398407252346e-02,6.902373093225954576e-03,2.095913626226790852e-02,1.786059415115178600e-02,1.657127895852827590e-02,1.657127895852827590e-02,1.786059415115179641e-02,1.348577878616311759e-03,9.169796940427918722e-03,7.115612222391345248e-03,5.800238528763253763e-03,5.800238528763262437e-03,7.115612222391341779e-03,9.169796940427934334e-03,1.348577878616314578e-03,1.786059415115179641e-02,1.657127895852828631e-02,1.657127895852829325e-02,1.786059415115178947e-02,2.095913626226791546e-02,6.902373093225953708e-03,2.625740398407251999e-02,1.259766551861866285e-02,6.623098523913671133e-03,9.963878153703864538e-03,3.568925396656021098e-02,1.759128726470163620e-02,5.745210707461142347e-03,1.552550673710141257e-02,1.552550673710140737e-02,5.745210707461135408e-03,1.348577878616312193e-03,9.169796940427922191e-03,7.115612222391346983e-03,5.800238528763260702e-03,6.623098523913663327e-03,9.963878153703861068e-03,3.568925396656021098e-02,1.759128726470163620e-02,3.647216788644135066e-02,5.213628204743858685e-03,1.957446082142737590e-02,7.401449616256056130e-02
4.627737166168442023e-02,1.981158310502117992e-02,1.897767714891834985e-04,4.364631877869409871e-02,6.945459188896955550e-03,1.769574286502981209e-02,1.176873958574511068e-02,6.312228503710540315e-04,2.464737591608246597e-02,3.695244085509596238e-02,1.811302535303269470e-02,3.958205051872130086e-03,3.031877338249520243e-02,8.704793587080423070e-03,8.704793587080430009e-03,3.031877338249520243e-02,6.945459188896955550e-03,1.769574286502981902e-02,1.176873958574511068e-02,6.312228503710553325e-04,2.893645637394027560e-03,1.901881730016033098e-02,2.230736993914172323e-02,4.259224356039095300e-05,4.867011885682927361e-04,1.268378245715720033e-02,1.268378245715720033e-02,4.867011885682947961e-04,3.958205051872130086e-03,1.811302535303266695e-02,3.695244085509594850e-02,2.464737591608245210e-02,2.464737591608246597e-02,3.695244085509598320e-02,1.811302535303269470e-02,3.958205051872128351e-03,4.867011885682921940e-04,1.268378245715719513e-02,1.268378245715719513e-02,4.867011885682949045e-04,4.259224356039184746e-05,2.230736993914175445e-02,1.901881730016033098e-02,2.893645637394041438e-03,6.312228503710505621e-04,1.176873958574510548e-02,1.769574286502982596e-02,6.945459188896952081e-03,3.031877338249521284e-02,8.704793587080417866e-03,8.704793587080423070e-03,3.031877338249521284e-02,3.958205051872130086e-03,1.811302535303266695e-02,3.695244085509596238e-02,2.464737591608246250e-02,6.312228503710516463e-04,1.176873958574510548e-02,1.769574286502981209e-02,6.945459188896952948e-03,4.364631877869411258e-02,1.897767714891849622e-04,1.981158310502120073e-02,4.627737166168439248e-02
7.832639032223093212e-02,2.599084462298817400e-02,9.122396549012297060e-03,1.229187147461560832e-02,1.101394212853103183e-02,5.694743653896899675e-03,1.266220357526442498e-02,2.450370850368950235e-02,2.020460575852982624e-02,1.795979538902143374e-02,3.609726936002795837e-03,2.821199232182821856e-02,7.404461670115807664e-03,2.396101462820068514e-02,2.396101462820069555e-02,7.404461670115822410e-03,1.101394212853102142e-02,5.694743653896897073e-03,1.266220357526442845e-02,2.450370850368948153e-02,2.143776684081850903e-02,9.675197403770043406e-03,7.440346125435341393e-03,1.179985336045166928e-02,1.576240401584222059e-03,5.155231683673894109e-03,5.155231683673905385e-03,1.576240401584217722e-03,2.821199232182819427e-02,3.609726936002790633e-03,1.795979538902141293e-02,2.020460575852982624e-02,2.020460575852983665e-02,1.795979538902143027e-02,3.609726936002794536e-03,2.821199232182821856e-02,1.576240401584222493e-03,5.155231683673889773e-03,5.155231683673901048e-03,1.576240401584218806e-03,1.179985336045167622e-02,7.440346125435351801e-03,9.675197403770052079e-03,2.143776684081849168e-02,2.450370850368947459e-02,1.266220357526442845e-02,5.694743653896905747e-03,1.101394212853102489e-02,7.404461670115807664e-03,2.396101462820068514e-02,2.396101462820069555e-02,7.404461670115825012e-03,2.821199232182821856e-02,3.609726936002790633e-03,1.795979538902141293e-02,2.020460575852981930e-02,2.450370850368949194e-02,1.266220357526443713e-02,5.694743653896907482e-03,1.101394212853102142e-02,1.229187147461561526e-02,9.122396549012293590e-03,2.599084462298819134e-02,7.832639032223093212e-02
4.630188938632257001e-02,5.429944758189911291e-02,1.348099100047837375e-02,7.917812484530349203e-04,8.960340720897385855e-03,1.283413770037712502e-02,3.553523384712778399e-03,8.093093188146599851e-03,4.198216197313901776e-02,1.310881201227734154e-02,2.550320624051296420e-02,3.535453551596429850e-02,3.617987493400408989e-04,2.581731051719794376e-02,2.581731051719795417e-02,3.617987493400391641e-04,8.960340720897394529e-03,1.283413770037712502e-02,3.553523384712778399e-03,8.093093188146603320e-03,1.331320075475232213e-02,2.301549935468291327e-03,1.144924092098008502e-02,2.835373066917063010e-03,2.042641642710658120e-03,1.701407088401260906e-06,1.701407088401245236e-06,2.042641642710651614e-03,3.535453551596427768e-02,2.550320624051293991e-02,1.310881201227732593e-02,4.198216197313902470e-02,4.198216197313903858e-02,1.310881201227734154e-02,2.550320624051294685e-02,3.535453551596429850e-02,2.042641642710656385e-03,1.701407088401204367e-06,1.701407088401205637e-06,2.042641642710653783e-03,2.835373066917061275e-03,1.144924092098009369e-02,2.301549935468296532e-03,1.331320075475232734e-02,8.093093188146603320e-03,3.553523384712773195e-03,1.283413770037713023e-02,8.960340720897406672e-03,3.617987493400413325e-04,2.581731051719794376e-02,2.581731051719796111e-02,3.617987493400382968e-04,3.535453551596427768e-02,2.550320624051293991e-02,1.310881201227732593e-02,4.198216197313901082e-02,8.093093188146601585e-03,3.553523384712773195e-03,1.283413770037714237e-02,8.960340720897399733e-03,7.917812484530364382e-04,1.348099100047837895e-02,5.429944758189905740e-02,4.630188938632257001e-02
5.759784004461236673e-02,3.677453511920353996e-02,2.268853518381786297e-02,2.758953642196863149e-02,7.638711856225786738e-03,5.992601890432214251e-03,2.453071251467798218e-03,6.022684102504140963e-03,2.999708857568547660e-02,1.238937154306429117e-02,2.680310806865498358e-02,2.983581891991571658e-02,1.582771453341980453e-02,1.960172823211706050e-02,1.960172823211706397e-02,1.582771453341980106e-02,7.638711856225788473e-03,5.992601890432217721e-03,2.453071251467799519e-03,6.022684102504138361e-03,4.279624790194774516e-04,3.974965111168245950e-04,1.254211279199021756e-02,2.809972829576140520e-04,1.009051596912154646e-03,1.327954151225727540e-02,1.327954151225729101e-02,1.009051596912156597e-03,2.983581891991568882e-02,2.680310806865496970e-02,1.238937154306426862e-02,2.999708857568546966e-02,2.999708857568546966e-02,1.238937154306428423e-02,2.680310806865498358e-02,2.983581891991571658e-02,1.009051596912155079e-03,1.327954151225727540e-02,1.327954151225728234e-02,1.009051596912156380e-03,2.809972829576156783e-04,1.254211279199023490e-02,3.974965111168210171e-04,4.279624790194766384e-04,6.022684102504152238e-03,2.453071251467799519e-03,5.992601890432220323e-03,7.638711856225796279e-03,1.582771453341980106e-02,1.960172823211705356e-02,1.960172823211706397e-02,1.582771453341981147e-02,2.983581891991568188e-02,2.680310806865496276e-02,1.238937154306426862e-02,2.999708857568545231e-02,6.022684102504152238e-03,2.453071251467799519e-03,5.992601890432220323e-03,7.638711856225791942e-03,2.758953642196861414e-02,2.268853518381787338e-02,3.677453511920353996e-02,5.759784004461234591e-02
5.665486136520434673e-02,2.712953662584451781e-02,4.087705381184946613e-02,3.056798621497940419e-02,3.372678213425800843e-04,5.881173548550843025e-05,3.008937256195458234e-03,9.269537338804038212e-03,1.531587052382713671e-02,1.552893563104897415e-02,2.732829819761275689e-02,5.078982960685288900e-02,7.562562134018554171e-03,2.007572166602627703e-02,2.007572166602627703e-02,7.562562134018554171e-03,3.372678213425795964e-04,5.881173548550853189e-05,3.008937256195457367e-03,9.269537338804038212e-03,9.834568127466305001e-03,3.313712210167306209e-03,7.288607841993221571e-03,2.220903754135940961e-03,3.317112848455065527e-04,1.144890182812019139e-02,1.144890182812019486e-02,3.317112848455059564e-04,5.078982960685282655e-02,2.732829819761273260e-02,1.552893563104895680e-02,1.531587052382713671e-02,1.531587052382713671e-02,1.552893563104897415e-02,2.732829819761275689e-02,5.078982960685284043e-02,3.317112848455068780e-04,1.144890182812019139e-02,1.144890182812019139e-02,3.317112848455067153e-04,2.220903754135938359e-03,7.288607841993230245e-03,3.313712210167317485e-03,9.834568127466311940e-03,9.269537338804048621e-03,3.008937256195464306e-03,5.881173548550877584e-05,3.372678213425776448e-04,7.562562134018556773e-03,2.007572166602628744e-02,2.007572166602627703e-02,7.562562134018556773e-03,5.078982960685282655e-02,2.732829819761273260e-02,1.552893563104895853e-02,1.531587052382712630e-02,9.269537338804052090e-03,3.008937256195465607e-03,5.881173548550869452e-05,3.372678213425774280e-04,3.056798621497940419e-02,4.087705381184946613e-02,2.712953662584451781e-02,5.665486136520434673e-02
3.034684687135153977e-02,1.602978120723313332e-02,6.240662514106890685e-02,3.009445026107694307e-02,3.022485969974064279e-03,2.588427395764893429e-03,7.338745594011982648e-03,1.735612049205972895e-02,1.354578254860662120e-02,2.971607796691490798e-03,2.968081243613472989e-02,6.423724439161225541e-02,1.000722471464767080e-03,2.533946111715446731e-02,2.533946111715444996e-02,1.000722471464767080e-03,3.022485969974064712e-03,2.588427395764894730e-03,7.338745594011985250e-03,1.735612049205973242e-02,7.845799473465963139e-03,7.192303093926731561e-03,1.992928946458714067e-03,1.551156224087884845e-04,8.983202244857604706e-04,3.988344253544000469e-03,3.988344253544002203e-03,8.983202244857562422e-04,6.423724439161219990e-02,2.968081243613468478e-02,2.971607796691486895e-03,1.354578254860662120e-02,1.354578254860662120e-02,2.971607796691491665e-03,2.968081243613470560e-02,6.423724439161224153e-02,8.983202244857597116e-04,3.988344253544004805e-03,3.988344253544002203e-03,8.983202244857562422e-04,1.551156224087896500e-04,1.992928946458717536e-03,7.192303093926740234e-03,7.845799473465978752e-03,1.735612049205974977e-02,7.338745594012001730e-03,2.588427395764894730e-03,3.022485969974068615e-03,1.000722471464767080e-03,2.533946111715446037e-02,2.533946111715446731e-02,1.000722471464767296e-03,6.423724439161219990e-02,2.968081243613470560e-02,2.971607796691485594e-03,1.354578254860660906e-02,1.735612049205976018e-02,7.338745594012001730e-03,2.588427395764893429e-03,3.022485969974067748e-03,3.009445026107690491e-02,6.240662514106887215e-02,1.602978120723313332e-02,3.034684687135152936e-02
2.870509691774580929e-02,6.616994449434037903e-03,7.755644188694831020e-02,4.200914603874141007e-02,1.646899388974229625e-03,1.981837596372717017e-03,4.319275144503245331e-03,1.124567263126467938e-02,1.160164805724602649e-02,8.102791496255563148e-04,3.623695473837555692e-02,6.294172851538673563e-02,9.153917508482522711e-03,1.770062829256326825e-02,1.770062829256326825e-02,9.153917508482517507e-03,1.646899388974229625e-03,1.981837596372717017e-03,4.319275144503245331e-03,1.124567263126468458e-02,6.887476603641611104e-04,1.601111202292078602e-03,3.456199445982134980e-03,3.030821925744148389e-03,3.735278502212401627e-04,1.015535136335829480e-02,1.015535136335829480e-02,3.735278502212386448e-04,6.294172851538669400e-02,3.623695473837552916e-02,8.102791496255551222e-04,1.160164805724602823e-02,1.160164805724602129e-02,8.102791496255556643e-04,3.623695473837557079e-02,6.294172851538673563e-02,3.735278502212405964e-04,1.015535136335829827e-02,1.015535136335829827e-02,3.735278502212386448e-04,3.030821925744148389e-03,3.456199445982145822e-03,1.601111202292085540e-03,6.887476603641634956e-04,1.124567263126470366e-02,4.319275144503257474e-03,1.981837596372725691e-03,1.646899388974228974e-03,9.153917508482534854e-03,1.770062829256327519e-02,1.770062829256328213e-02,9.153917508482522711e-03,6.294172851538669400e-02,3.623695473837555692e-02,8.102791496255540380e-04,1.160164805724602129e-02,1.124567263126470019e-02,4.319275144503259209e-03,1.981837596372722655e-03,1.646899388974231576e-03,4.200914603874137537e-02,7.755644188694829633e-02,6.616994449434041373e-03,2.870509691774579542e-02
2.523475941389973637e-02,6.524947683837029229e-03,7.137308225783282889e-02,5.500026302504575776e-02,2.936483493182872728e-03,4.695248088563541006e-04,9.770990369325481019e-04,4.143758941852297532e-03,9.329889857366446132e-03,1.483107442557888558e-04,4.757728375114130687e-02,5.890999545670773385e-02,8.364848603876488126e-03,1.881491120575415690e-02,1.881491120575414996e-02,8.364848603876474248e-03,2.936483493182871427e-03,4.695248088563534501e-04,9.770990369325474514e-04,4.143758941852289726e-03,2.558731781503666321e-04,1.287749345880985453e-03,4.790172281633192988e-03,5.177600736553512710e-03,1.006041403829346101e-03,1.249962873482787437e-02,1.249962873482787437e-02,1.006041403829340030e-03,5.890999545670765752e-02,4.757728375114128605e-02,1.483107442557888829e-04,9.329889857366460010e-03,9.329889857366451336e-03,1.483107442557888558e-04,4.757728375114130687e-02,5.890999545670773385e-02,1.006041403829345017e-03,1.249962873482787437e-02,1.249962873482787090e-02,1.006041403829341548e-03,5.177600736553517914e-03,4.790172281633199060e-03,1.287749345880992609e-03,2.558731781503691257e-04,4.143758941852310543e-03,9.770990369325533061e-04,4.695248088563564316e-04,2.936483493182868391e-03,8.364848603876484656e-03,1.881491120575416384e-02,1.881491120575414649e-02,8.364848603876474248e-03,5.890999545670765752e-02,4.757728375114128605e-02,1.483107442557886119e-04,9.329889857366456540e-03,4.143758941852312278e-03,9.770990369325517882e-04,4.695248088563554558e-04,2.936483493182868391e-03,5.500026302504572306e-02,7.137308225783287052e-02,6.524947683837029229e-03,2.523475941389973637e-02
3.185384329887414739e-02,8.833136482317816007e-03,6.126482354476791431e-02,3.908516890499532520e-02,1.352409584606789139e-03,1.655880521536134574e-03,7.202569229038966424e-03,1.899442461252230999e-02,8.845695786123796908e-03,1.225730966097679031e-03,3.008980008335755338e-02,6.272487167037993361e-02,3.384720758424960337e-03,2.686440971788374779e-02,2.686440971788372697e-02,3.384720758424956000e-03,1.352409584606789573e-03,1.655880521536135224e-03,7.202569229038962954e-03,1.899442461252231693e-02,7.694187783657793940e-03,9.890985440361578073e-04,8.597514743031969831e-03,3.136219451315457106e-04,1.517842565031955184e-03,6.825946881589783216e-03,6.825946881589786686e-03,1.517842565031949980e-03,6.272487167037986422e-02,3.008980008335753256e-02,1.225730966097678598e-03,8.845695786123809051e-03,8.845695786123805582e-03,1.225730966097679031e-03,3.008980008335755338e-02,6.272487167037993361e-02,1.517842565031954751e-03,6.825946881589786686e-03,6.825946881589788420e-03,1.517842565031951065e-03,3.136219451315453311e-04,8.597514743031976769e-03,9.890985440361632283e-04,7.694187783657799144e-03,1.899442461252234468e-02,7.202569229038976832e-03,1.655880521536137176e-03,1.352409584606789139e-03,3.384720758424962939e-03,2.686440971788374779e-02,2.686440971788374779e-02,3.384720758424956000e-03,6.272487167037985034e-02,3.008980008335752215e-02,1.225730966097677514e-03,8.845695786123805582e-03,1.899442461252231693e-02,7.202569229038976832e-03,1.655880521536136308e-03,1.352409584606789573e-03,3.908516890499529745e-02,6.126482354476786574e-02,8.833136482317824681e-03,3.185384329887414739e-02
2.767010777156897472e-02,2.396043673404401816e-02,6.253437904966868688e-02,3.637979688773598091e-02,1.050129688614534658e-03,1.074825883602340557e-03,5.712497822677127350e-03,8.925009666097060562e-03,1.022728342654331303e-02,5.017730356888748348e-03,3.110373628126648221e-02,7.092866800348759937e-02,5.047330609427446921e-03,1.853562579471917937e-02,1.853562579471917243e-02,5.047330609427446921e-03,1.050129688614535092e-03,1.074825883602341424e-03,5.712497822677130820e-03,8.925009666097058827e-03,1.093724374165334912e-02,4.893992014461664292e-03,3.563079636110709058e-03,3.558845353046760814e-03,1.085331663954954717e-04,5.519688706135602273e-03,5.519688706135599671e-03,1.085331663954946450e-04,7.092866800348754386e-02,3.110373628126647180e-02,5.017730356888743144e-03,1.022728342654330089e-02,1.022728342654330783e-02,5.017730356888751818e-03,3.110373628126648221e-02,7.092866800348757161e-02,1.085331663954954717e-04,5.519688706135599671e-03,5.519688706135602273e-03,1.085331663954951058e-04,3.558845353046766885e-03,3.563079636110712094e-03,4.893992014461659955e-03,1.093724374165336126e-02,8.925009666097069236e-03,5.712497822677135156e-03,1.074825883602342725e-03,1.050129688614533140e-03,5.047330609427448656e-03,1.853562579471917937e-02,1.853562579471917937e-02,5.047330609427446921e-03,7.092866800348752998e-02,3.110373628126647180e-02,5.017730356888742277e-03,1.022728342654330783e-02,8.925009666097074440e-03,5.712497822677137758e-03,1.074825883602343159e-03,1.050129688614532273e-03,3.637979688773595316e-02,6.253437904966867300e-02,2.396043673404400776e-02,2.767010777156898513e-02
4.329349461093360413e-02,1.914703104285655696e-02,4.930341865988106809e-02,3.509069170384541275e-02,1.153708596182098948e-03,5.385163309029211177e-04,2.280503917717953410e-03,9.781448393084552634e-03,2.145456230028422104e-02,1.185845712458618445e-02,3.505008571300301246e-02,4.237617239109120471e-02,1.121935882009103373e-02,2.467363812346661661e-02,2.467363812346662008e-02,1.121935882009103373e-02,1.153708596182099816e-03,5.385163309029211177e-04,2.280503917717954711e-03,9.781448393084552634e-03,2.506414258575427340e-03,2.203939505374603956e-03,5.445817567275899364e-03,2.305811666201711585e-04,8.134977514141092598e-04,1.018935628049482886e-02,1.018935628049483233e-02,8.134977514141095850e-04,4.237617239109117695e-02,3.505008571300299164e-02,1.185845712458616884e-02,2.145456230028422104e-02,2.145456230028421757e-02,1.185845712458618445e-02,3.505008571300301246e-02,4.237617239109120471e-02,8.134977514141098019e-04,1.018935628049483233e-02,1.018935628049483233e-02,8.134977514141103440e-04,2.305811666201707248e-04,5.445817567275911507e-03,2.203939505374611762e-03,2.506414258575423003e-03,9.781448393084566512e-03,2.280503917717961217e-03,5.385163309029236114e-04,1.153708596182104152e-03,1.121935882009103373e-02,2.467363812346660967e-02,2.467363812346662008e-02,1.121935882009103720e-02,4.237617239109117695e-02,3.505008571300297776e-02,1.185845712458617578e-02,2.145456230028421757e-02,9.781448393084563042e-03,2.280503917717961217e-03,5.385163309029227440e-04,1.153708596182103285e-03,3.509069170384539887e-02,4.930341865988108196e-02,1.914703104285655696e-02,4.329349461093363882e-02
5.323034125730680133e-02,2.933676548193625902e-02,3.570175280510735211e-02,1.270990278317972455e-02,1.024536448944307274e-02,8.022358313650243197e-03,9.290305728662846428e-04,6.287831457244211046e-03,2.501491919807644765e-02,8.761670248751832549e-03,3.400898433635238249e-02,4.541685567860921646e-02,6.004879529621152782e-03,2.483009545613328733e-02,2.483009545613330815e-02,6.004879529621157987e-03,1.024536448944306927e-02,8.022358313650243197e-03,9.290305728662841007e-04,6.287831457244211046e-03,5.051185596145483375e-03,5.250127365581774321e-03,3.133733259456311562e-03,3.321013472483446295e-03,1.396066870990207752e-03,5.214532837663186232e-03,5.214532837663188834e-03,1.396066870990209053e-03,4.541685567860918177e-02,3.400898433635236862e-02,8.761670248751820406e-03,2.501491919807643377e-02,2.501491919807643377e-02,8.761670248751832549e-03,3.400898433635238249e-02,4.541685567860921646e-02,1.396066870990206451e-03,5.214532837663186232e-03,5.214532837663188834e-03,1.396066870990208186e-03,3.321013472483452800e-03,3.133733259456314164e-03,5.250127365581782127e-03,5.051185596145487712e-03,6.287831457244218852e-03,9.290305728662837754e-04,8.022358313650243197e-03,1.024536448944308488e-02,6.004879529621150180e-03,2.483009545613328040e-02,2.483009545613330121e-02,6.004879529621152782e-03,4.541685567860918177e-02,3.400898433635236862e-02,8.761670248751820406e-03,2.501491919807643377e-02,6.287831457244218852e-03,9.290305728662841007e-04,8.022358313650250136e-03,1.024536448944309008e-02,1.270990278317973322e-02,3.570175280510738680e-02,2.933676548193627984e-02,5.323034125730678051e-02
6.419800927651091171e-02,4.252954406230664147e-02,7.650744906468722253e-03,4.118572772106488152e-03,7.040288569934167583e-04,6.185370839267186061e-03,7.492813088804963460e-03,1.636596344268007389e-02,3.330259048143414946e-02,1.326674757223560326e-02,1.497409323894390715e-02,3.695052339640268746e-02,4.347504010354391255e-03,2.760995404300644121e-02,2.760995404300643427e-02,4.347504010354392122e-03,7.040288569934155657e-04,6.185370839267182591e-03,7.492813088804960858e-03,1.636596344268006001e-02,2.888333622173363049e-02,5.649404133957313355e-03,1.230346546405143397e-02,1.796444658673590185e-03,3.738418887083398787e-03,1.497231394889449825e-03,1.497231394889452427e-03,3.738418887083384910e-03,3.695052339640265276e-02,1.497409323894391409e-02,1.326674757223558765e-02,3.330259048143412171e-02,3.330259048143412864e-02,1.326674757223560326e-02,1.497409323894390194e-02,3.695052339640265970e-02,3.738418887083397486e-03,1.497231394889448741e-03,1.497231394889453294e-03,3.738418887083389246e-03,1.796444658673595606e-03,1.230346546405144612e-02,5.649404133957317692e-03,2.888333622173363049e-02,1.636596344268007389e-02,7.492813088804954787e-03,6.185370839267188663e-03,7.040288569934179510e-04,4.347504010354387785e-03,2.760995404300642039e-02,2.760995404300642733e-02,4.347504010354392122e-03,3.695052339640265970e-02,1.497409323894390715e-02,1.326674757223558765e-02,3.330259048143412864e-02,1.636596344268007389e-02,7.492813088804954787e-03,6.185370839267186061e-03,7.040288569934170836e-04,4.118572772106489019e-03,7.650744906468719651e-03,4.252954406230664147e-02,6.419800927651092559e-02
7.325375038428426355e-02,3.793584733423457922e-02,1.887997376050607259e-02,2.143686671657210954e-02,8.867637341232437534e-03,3.544924820976320858e-03,3.767211308847146119e-03,9.570981398957404546e-03,2.693645518599672301e-02,2.885334971508516505e-02,1.064866283811271089e-02,1.372167003927420373e-02,1.258980822486050789e-02,2.287452368517046281e-02,2.287452368517047321e-02,1.258980822486052177e-02,8.867637341232435799e-03,3.544924820976323027e-03,3.767211308847150022e-03,9.570981398957404546e-03,4.986713142117857669e-03,2.640011688564880728e-03,3.547942272206065090e-02,1.391536638119544866e-02,2.795057818955134924e-04,4.081293594823450638e-03,4.081293594823459311e-03,2.795057818955127876e-04,1.372167003927420373e-02,1.064866283811269181e-02,2.885334971508513729e-02,2.693645518599671607e-02,2.693645518599671607e-02,2.885334971508516505e-02,1.064866283811269701e-02,1.372167003927421067e-02,2.795057818955130045e-04,4.081293594823448903e-03,4.081293594823461914e-03,2.795057818955134924e-04,1.391536638119543479e-02,3.547942272206065090e-02,2.640011688564887667e-03,4.986713142117851598e-03,9.570981398957408015e-03,3.767211308847145251e-03,3.544924820976328231e-03,8.867637341232446208e-03,1.258980822486051136e-02,2.287452368517045587e-02,2.287452368517046281e-02,1.258980822486051310e-02,1.372167003927420546e-02,1.064866283811269354e-02,2.885334971508515811e-02,2.693645518599671607e-02,9.570981398957408015e-03,3.767211308847147853e-03,3.544924820976326496e-03,8.867637341232449677e-03,2.143686671657210954e-02,1.887997376050609688e-02,3.793584733423457922e-02,7.325375038428430519e-02
2.789836501606086580e-02,3.912270689439087401e-02,5.521176618568188026e-03,3.662610726279733747e-02,9.781810481334427335e-03,1.059382110586099338e-02,6.398171230542593936e-03,5.208741362349786347e-05,4.880922888592219289e-02,4.268686150324926820e-02,1.734935495681306020e-02,1.096081664656040240e-02,1.364181171654217650e-02,1.911408966110536914e-02,1.911408966110536914e-02,1.364181171654217997e-02,9.781810481334427335e-03,1.059382110586099338e-02,6.398171230542600008e-03,5.208741362349833103e-05,2.726037385048142841e-03,3.810935573190069297e-03,1.004208100738746869e-02,3.994278137562107082e-03,1.334560621061220073e-03,4.406541829882163787e-03,4.406541829882160317e-03,1.334560621061224627e-03,1.096081664656039893e-02,1.734935495681304285e-02,4.268686150324926820e-02,4.880922888592217901e-02,4.880922888592219289e-02,4.268686150324926820e-02,1.734935495681306367e-02,1.096081664656040761e-02,1.334560621061218989e-03,4.406541829882163787e-03,4.406541829882160317e-03,1.334560621061223109e-03,3.994278137562106215e-03,1.004208100738746348e-02,3.810935573190067996e-03,2.726037385048147178e-03,5.208741362349852077e-05,6.398171230542580926e-03,1.059382110586099338e-02,9.781810481334430804e-03,1.364181171654217650e-02,1.911408966110537955e-02,1.911408966110537608e-02,1.364181171654216956e-02,1.096081664656040240e-02,1.734935495681304285e-02,4.268686150324926820e-02,4.880922888592219289e-02,5.208741362349882570e-05,6.398171230542583528e-03,1.059382110586099338e-02,9.781810481334430804e-03,3.662610726279737217e-02,5.521176618568183689e-03,3.912270689439088789e-02,2.789836501606084151e-02
2.240850786725497729e-02,7.303229827824566332e-03,2.139230261313314081e-03,4.218109858762437298e-02,2.101241070030688066e-02,5.047070290879045878e-02,2.242070225235062459e-03,4.551858484405186395e-02,5.147443166662751986e-03,6.343155821682306891e-03,1.248114964743259579e-02,7.021132664406512687e-03,1.324566399314181875e-03,9.253190889866737268e-03,9.253190889866737268e-03,1.324566399314182743e-03,2.101241070030688413e-02,5.047070290879047960e-02,2.242070225235061592e-03,4.551858484405184313e-02,1.089672714907891429e-02,1.625331679431057247e-02,7.432039314325253852e-03,1.485766659748158011e-02,2.595407160498996307e-02,1.495612927653949646e-03,1.495612927653946177e-03,2.595407160498996307e-02,7.021132664406491870e-03,1.248114964743259579e-02,6.343155821682316432e-03,5.147443166662760659e-03,5.147443166662754588e-03,6.343155821682309493e-03,1.248114964743258712e-02,7.021132664406502279e-03,2.595407160498998042e-02,1.495612927653949646e-03,1.495612927653946177e-03,2.595407160498995613e-02,1.485766659748157664e-02,7.432039314325241709e-03,1.625331679431057941e-02,1.089672714907891776e-02,4.551858484405187782e-02,2.242070225235052051e-03,5.047070290879044491e-02,2.101241070030688413e-02,1.324566399314183827e-03,9.253190889866733798e-03,9.253190889866737268e-03,1.324566399314183393e-03,7.021132664406494472e-03,1.248114964743258712e-02,6.343155821682319902e-03,5.147443166662763261e-03,4.551858484405186395e-02,2.242070225235052051e-03,5.047070290879045878e-02,2.101241070030688413e-02,4.218109858762440073e-02,2.139230261313316249e-03,7.303229827824590618e-03,2.240850786725494606e-02
4.005224471839032019e-02,6.903807138593244519e-02,9.040198663197255083e-03,1.344675393908090558e-02,2.180539343533542326e-02,1.463170207010288174e-02,1.337929516585741106e-04,5.023363137949564405e-03,3.082363121452993265e-02,9.489850296428259738e-03,3.383862639584465752e-03,7.476954569071912055e-03,3.568885785015398979e-03,9.700269776576795136e-03,9.700269776576807279e-03,3.568885785015398979e-03,2.180539343533542326e-02,1.463170207010289735e-02,1.337929516585743004e-04,5.023363137949559201e-03,5.506930536784201274e-02,6.335445224278619947e-02,6.731550593664151032e-03,6.088117265076600088e-03,6.994433510054155582e-03,5.557513525707728254e-03,5.557513525707729989e-03,6.994433510054156450e-03,7.476954569071908585e-03,3.383862639584468788e-03,9.489850296428238921e-03,3.082363121452989449e-02,3.082363121452990143e-02,9.489850296428256268e-03,3.383862639584465752e-03,7.476954569071912055e-03,6.994433510054150378e-03,5.557513525707729989e-03,5.557513525707732591e-03,6.994433510054159919e-03,6.088117265076597485e-03,6.731550593664149297e-03,6.335445224278615783e-02,5.506930536784199193e-02,5.023363137949553130e-03,1.337929516585733788e-04,1.463170207010286959e-02,2.180539343533544755e-02,3.568885785015397678e-03,9.700269776576795136e-03,9.700269776576815953e-03,3.568885785015397678e-03,7.476954569071904248e-03,3.383862639584468788e-03,9.489850296428235452e-03,3.082363121452989449e-02,5.023363137949560069e-03,1.337929516585741648e-04,1.463170207010288174e-02,2.180539343533543020e-02,1.344675393908089517e-02,9.040198663197255083e-03,6.903807138593252846e-02,4.005224471839028549e-02
